11725128,Rose_McIver
42594888,The_Children_(Game_of_Thrones)
1564200,Attempted_assassination_of_Ronald_Reagan
5845080,T._J._Oshie
5275584,Antonio_Valencia
1584240,Bob_Gunton
5818440,Sung_Kang
16849464,Connecticut_Huskies_women\'s_basketball
43794552,Connor_Michalek
87576,Mary-Kate_and_Ashley_Olsen
1008,April_6
938712,Mark_Hughes
180984,Martha_Scott
440040,Marián_Hossa
1575672,Dallas_Austin
1416,April_29
752544,Civil_Aeronautics_Board
1734336,World_Health_Day
4295976,Gabriel_Agbonlahor
5470704,Dave_Bliss
3963024,Political_positions_of_Hillary_Rodham_Clinton
42484344,List_of_R5_members
298608,State_of_emergency
316728,Nicodemus
30939720,2014_NHL_Entry_Draft
2204976,Vincent_Kartheiser
23466744,Haymarket_affair
582864,Plagues_of_Egypt
2210424,Renée_Richards
28897488,WWE_Tag_Team_Championship
592392,Phil_Mickelson
709344,Black_Widow_(Natalia_Romanova)
25028568,Quinton_Aaron
22316712,List_of_The_Fast_and_the_Furious_characters
1938336,Louis_C.K.
617904,Mary_Surratt
715008,Football_League_Championship
212472,Alex_Rodriguez
494328,Sibel_Kekilli
140376,Armenian_Genocide
1477632,Kenny_Smith
15624,Judaism
265800,Scientology_controversies
228240,Paula_Radcliffe
46218888,Istanbul_Armenian_Genocide_memorial
19149336,DeMar_DeRozan
412200,Julius_Erving
26976,Silicon_Valley
42474192,2014–15_Football_League_Championship
2772312,Marley_Shelton
361176,Bernie_Sanders
33793032,Didi_Gregorius
5354328,Petals_on_the_Wind
5354400,If_There_Be_Thorns
437544,Bob_Saget
454272,List_of_WWE_pay-per-view_events
1591560,Darko_Miličić
30876264,Suzanne_Somers
2387472,Leandro_Barbosa
13679016,James_Vanderbilt
51888,Indiana_Jones_and_the_Last_Crusade
224616,PGA_Championship
1562112,NCAA_Basketball_Tournament_Most_Outstanding_Player
2805792,List_of_Grey\'s_Anatomy_episodes
367128,Peter_Lawford
10166400,Jason_Beghe
44768472,Broken_Horses
387816,Armenians
153672,Robert_Powell
31752,Ulysses_S._Grant
50784,Princess_Leia
19156272,Labor_Day
381312,John_Carradine
874128,Tina_Sinatra
2237856,Shonda_Rhimes
1468224,Ryan_Kesler
985560,WWE_United_States_Championship
1084104,MTS_Centre
83496,Use_of_capital_punishment_by_country
22301616,Easter_customs
488496,Jesus_of_Nazareth_(miniseries)
19562448,Christian_Benteke
666456,Stamford_Bridge_(stadium)
31876081,Winnipeg_Jets
18928057,List_of_Mad_Men_characters
22705,Ottawa_Senators
224737,Sherpa_people
12466945,Josh_Gad
3539881,Michael_Czugaj
19849,March_30
148681,Life_imprisonment
2861737,George_Getty
36618625,AJ_Lee
2655673,Vimy_Ridge_Day
4701529,Dathan
38162137,Going_Clear
863257,Deadshot
2296561,Selena_y_Los_Dinos
21265,Northern_Ireland
159625,Richard_Dreyfuss
12821809,Patty_Mills
22537873,1990–91_UNLV_Runnin\'_Rebels_basketball_team
2017,Arbor_Day
47497,Doctor_Doom
1410865,Cersei_Lannister
4406593,Fraser_Clarke_Heston
5425633,Bianca_Kajlich
10110097,Maisie_Williams
16321,Joseph_McCarthy
73321,Avalanche
187081,Anne_Baxter
43117009,2015_Masters_Tournament
507433,Iker_Casillas
21780481,James_Rodríguez
1916929,Barbara_Sinatra
73513,Mary_(mother_of_Jesus)
15505,Iceman_(comics)
362233,Magneto_(comics)
27871561,2012_NBA_draft
29308417,1955_MacArthur_Airport_United_Airlines_crash
72889,San_Antonio_Spurs
355129,New_Coke
2655697,Dell_Curry
2540809,Dolph_Ziggler
21987337,Evan_Turner
5530417,Can\'t_Take_My_Eyes_Off_You
7729,Captain_America
33142873,Sophie_Turner_(actress)
45030241,UFC_Fight_Night:_Mendes_vs._Lamas
35940793,List_of_people_who_died_climbing_Mount_Everest
21881809,Kylie_Jenner
42656761,2014–15_UEFA_Youth_League
32267545,Thor:_The_Dark_World
2876569,The_Punisher_(2004_film)
19583257,Lagertha
29833,Americas
38147281,Marcus_Smart
442201,Ben_Urich
146929,George_Pickett
22333849,Robert_Herjavec
31151665,Notre_Dame_Fighting_Irish_women\'s_basketball
1033897,Death_of_Adolf_Hitler
366457,Chris_Pérez
4480033,List_of_the_NCAA_Men\'s_Division_I_Basketball_Tournament_Final_Four_participants
58009,Good_Friday
1177,Aleister_Crowley
7847641,Meryl_Davis
2864185,Jersey_Boys
7954681,Montreal
3883945,O._J._Simpson_murder_case
156385,Ira_Einhorn
12541729,Amy_Schumer
73129,Edmonton_Oilers
1009,April_12
34453297,Missing_My_Baby
11340577,Lexie_Grey
21308617,Tuti_Yusupova
316201,Jon_Favreau
1321609,Vaisakhi
5616697,Jonathan_Toews
1918585,Cheryl_Miller
3195049,Gal_Gadot
40781809,Extreme_Rules_(2014)
35553313,Being_Mary_Jane
66937,Cisgender
2798281,Mychal_Thompson
19460809,Ryback
44541745,Nigel_Hayes
40054105,Jersey_Boys_(film)
501385,Ruby_Ridge
4537,Burt_Lancaster
1777,April_2
27888241,Hop_(film)
2006761,Edwin_Jarvis
936145,Getty_Oil
262465,Mad_Max_2
305473,Allen_Iverson
2029825,X-Men:_The_Last_Stand
26288569,Thor_(Marvel_Comics)
21755090,Ricardo_Lamas
37963346,Yellowjacket_(Marvel_Comics)
7515890,Kuwait
41374178,Arya_Stark
26999426,Captain_America:_The_First_Avenger
896498,Esther_Williams
23536538,University_of_Wisconsin–Madison
24890714,Ander_Herrera
1849946,Hack-a-Shaq
1826,April_18
22269698,Timofey_Mozgov
10106,Earthquake
1922546,Ghost_Whisperer
1700594,Andrea_Pirlo
31763402,Chris_Ramsey_(footballer)
45276122,Charlotte_McKinney
30873530,List_of_men\'s_major_championships_winning_golfers
41068562,Sam_Dekker
12669578,Southpaw_stance
5476946,The_Incredible_Hulk_(film)
100730,Winnipeg
764810,Waco_siege
428858,Frances_Bean_Cobain
536018,NCAA_Women\'s_Division_I_Basketball_Championship
3746,Blade_Runner
82394,Julio_César_Chávez
800594,Ricardo_Quaresma
3458,Belize
363002,Sandra_Oh
4701602,Bithiah
10535354,Dancing_with_the_Stars_(U.S._season_1)
44165090,Claire_Temple
421034,Mike_Krzyzewski
46634,Xenu
173834,Edward_G._Robinson
72866,Chicago_Bulls
8996930,Aaron_Brooks_(basketball)
9279674,Julen_Lopetegui
356714,Herod_Antipas
13957994,Star_Wars:_Battlefront_(series)
1010,April_15
36101762,Godzilla_(2014_film)
2724530,Nina_Foch
34226,Yuri_Gagarin
367106,Tony_Parker
3884858,Carice_van_Houten
746,Azerbaijan
354122,Gallipoli_(1981_film)
67898,Hair_(musical)
165530,Bournemouth
11742434,Battle_of_Slater\'s_Knoll
168314,DMX_(rapper)
64394,Goodfellas
481730,John_Daly_(golfer)
1567202,Yadier_Molina
8636786,Patrick_Kane
16152986,Eden_Hazard
585794,Tom_Watson_(golfer)
58682,Alan_Shearer
571490,Cordyceps
42618962,Daisy_Ridley
3244322,Max_Rockatansky
3538034,Myuran_Sukumaran
90050,Nefertiti
12338162,List_of_Mad_Men_episodes
564674,English_football_league_system
5255978,John_Tavares_(ice_hockey)
26482586,Cinco_de_Mayo
337250,J._J._Abrams
34198898,Meyers_Leonard
26274410,Jeremy_Irons
21650,North_Carolina
434330,Peter_Forsberg
1706954,Balthazar_Getty
655034,Andrea_Barber
39402554,2015_UEFA_Champions_League_Final
37717514,Kalisto_(wrestler)
16160954,James_Harden
20369595,Oscar_De_La_Hoya_vs._Manny_Pacquiao
28085067,Fast_Five
17541051,Jürgen_Klopp
3076827,Elisabeth_Moss
433323,Syria_Palaestina
11914827,Mario_Mandžukić
1620651,Mark_Lee_(actor)
748251,NBA_Sixth_Man_of_the_Year_Award
29288667,WrestleMania_29
44280363,DC_Comics\'_shared_universe_films
73875,The_Godfather_Part_II
32371227,Matt_Harvey
1693515,Henrik_Lundqvist
20333139,Javier_Pastore
12737715,Easter_Sunday_Raid
980547,Tom_Bergeron
711747,Patrick_Dempsey
867891,Baron_Zemo
20787,Mary_Magdalene
28648635,X-Men:_First_Class
23687283,Jan_Oblak
13275,Hungary
22467,Oklahoma_City_bombing
5093211,Brenda_Frese
31577595,Quinn_Cook
42990507,Big_Brother_Canada_(season_3)
18051,Labour_Day
418467,Peter_Dinklage
16707,Kurt_Cobain
21808587,Alyssa_Sutherland
12767523,List_of_current_champions_in_WWE
28047771,Mike_Trout
42420315,2014_NCAA_Men\'s_Division_I_Basketball_Championship_Game
72891,Golden_State_Warriors
69795,Selena
44911515,Payback_(2015)
31376979,List_of_April_Fools\'_Day_jokes
25986387,Carlos_Bacca
18496779,Tyler_Zeller
2214267,Three-point_field_goal
37474179,WWE_NXT
13826091,Don_Draper
32433243,Breanna_Stewart
16723971,Jon_Favreau_(speechwriter)
275547,Selena_(film)
459891,Reggie_Miller
36736083,Varun_Dhawan
24466611,2013_NCAA_Men\'s_Division_I_Basketball_Tournament
1011,April_30
31831107,Vermin_Supreme
2109459,Shane_Battier
25259595,James_Maslow
40203,Hubble_Space_Telescope
27852963,Terrence_Jones
213795,Pat_Summitt
3323451,Gold_Base
22946595,Chris_Smalling
32764467,Filip_Forsberg
179091,Rat_Pack
758619,Maura_West
643299,Rick_Carlisle
1032075,2001_Gujarat_earthquake
24599427,Patronages_of_Saint_George
1150971,Bo_Ryan
2825163,Zack_Snyder
43838643,Dancing_with_the_Stars_(U.S._season_20)
551595,Daniel_Sedin
39027,Mike_Tyson
16899,Kareem_Abdul-Jabbar
39216075,Liberation_Day_(Italy)
5708763,Anne_Vyalitsyna
31316475,Man_of_Steel_(film)
1827,April_23
2557419,Tommy_DeVito_(musician)
38115,Crucifixion
426484,Vijay_Singh
1085284,Ajay_Devgan
4709116,Craig_Anderson_(ice_hockey)
62116,Napoleon_II
144364,Jonathan_Pryce
162964,John_Stamos
38870332,Michele_Miscavige
753580,Oracle_Arena
3391396,Istanbul
3062692,Scott_Brooks
23473348,Günter_Grass
23414932,Marcos_Maidana
100156,Ravi_Shankar
9395068,Wanted_(2008_film)
25804468,2010_Haiti_earthquake
4322284,Charlie_Cox
40397428,Tyus_Jones
542932,Isiah_Thomas
42553660,2015_NBA_Playoffs
21073732,Mexican–American_War
694468,Wilma_Mankiller
4820932,Death_of_Subhas_Chandra_Bose
9017212,Edinson_Cavani
4381132,1992_NCAA_Men\'s_Division_I_Basketball_Tournament
13091236,Mark_Ballas
39044308,List_of_Orphan_Black_episodes
10105828,Michigan_State_Spartans_men\'s_basketball
297628,Dragon_Ball_GT
24654196,Anthony_Batts
4760452,Tax_Day
19348,May_1
49132,Marathon
437332,Trailer_Park_Boys
13886140,1999_Sydney_hailstorm
31339516,Brendan_Gallagher
30789076,Chris_D\'Elia
31516,Tibet
378436,Foot_washing
22112788,Star_Wars:_Battlefront
19373860,HMS_Bounty
11247292,2011_NBA_draft
2896996,Noel_Gugliemi
1552468,Aidan_Gillen
614356,Jim_Jackson_(basketball)
20930740,Star_Wars:_Battlefront_(2015_video_game)
2873332,Zach_Parise
22451452,Pero_Antić
4629580,Al_Horford
2356756,Perfect_season
10825132,Changeling_(film)
66964,Pittsburgh_Penguins
221812,Tim_Duncan
99940,Justice_League
11652868,Jason_Heyward
1486684,List_of_Stanley_Cup_champions
3992164,Oldest_people
2116084,Kara_Lawson
503164,Ray_Liotta
36756292,Athletics_at_the_1976_Summer_Olympics_–_Men\'s_decathlon
867796,Baron_Strucker
651268,Lamar_Odom
43483012,If_There_Be_Thorns_(film)
2278804,Henry_Cavill
1196068,Nana_Mouskouri
2386348,Church_of_Scientology
1931092,S-400_(missile)
748588,Alison_Doody
73132,Minnesota_Wild
3548404,List_of_English_football_champions
221788,Steve_Kerr
158548,Earth_Day
72892,Los_Angeles_Clippers
632188,Ted_Neeley
33425452,Aaron_Ekblad
73252,Frank_Miller_(comics)
844,Amsterdam
306460,Michelle_Rodriguez
21827548,2012_NHL_Entry_Draft
7842004,Sheila_Dixon
7619908,Derek_Shepherd
1774301,Freedom_Day_(South_Africa)
11330141,Mike_Colter
21817157,Anthony_Kennedy
3743597,Maria_Altmann
32429,Vidkun_Quisling
6653,Cape_Town
905957,Human_height
319973,1967_Detroit_riot
1709861,Debra_Paget
53117,Milwaukee
27991805,Nikola_Mirotić
42579581,Trainwreck_(film)
5877677,2009_NBA_draft
151949,Vincent_Price
339365,Dave_Chappelle
36355277,Vikings_(TV_series)
42173,Aston_Villa_F.C.
11570261,List_of_career_achievements_by_Tiger_Woods
695909,Yvonne_De_Carlo
719429,Kelly_Monaco
43184381,Erich_Bergen
50957,Star_Wars_Episode_II:_Attack_of_the_Clones
1775669,International_Dance_Day
49565,President_pro_tempore_of_the_United_States_Senate
214109,Gallipoli_Campaign
7687013,Meredith_Grey
701741,Thanos
58925,Margrethe_II_of_Denmark
43408541,The_Marine_4:_Moving_Target
19904525,Transgender
16309997,Egg_hunt
11237,FA_Cup
101141,Governor_of_Maryland
579485,Whitey_Bulger
41572733,Young__Hungry
2009549,Brooke_Langton
36861341,Capital_punishment_in_Indonesia
25156493,List_of_Daredevil_enemies
1541,April_13
2321981,Carrie_Ann_Inaba
872237,Martin_O\'Malley
13291949,Troy_Deeney
172589,FC_Porto
439589,Ann_Miller
1711637,J._R._Smith
84197,Atlético_Madrid
16973765,Christos_anesti
32784677,Khris_Middleton
7064453,Loïc_Rémy
1660277,Grey\'s_Anatomy
16822613,Lydia_Clarke
1882805,Shōwa_Day
823277,John_Cazale
42075101,Clint_Capela
50477,Martial_law
15656621,Fast__Furious_(2009_film)
19829,May_Day
18255941,2010–11_UEFA_Champions_League
25190741,Gadhimai_festival
2466773,The_Godfather
1203461,Will_Forte
34193573,Mychel_Thompson
8623685,Jaroslav_Halák
4760381,WWE_Extreme_Rules
31089821,Kaleena_Mosqueda-Lewis
44948501,Money_in_the_Bank_(2015)
243389,Charlotte_Hornets
4764461,World_War_I
8149037,Maksim_Chmerkovskiy
36769949,Óliver_Torres
9728093,UCLA_Bruins_men\'s_basketball
5634629,Talitha_Getty
991709,Kevin_James
5876933,Devan_Dubnyk
73133,Vancouver_Canucks
2521661,Joe_Hart
34062366,Damian_Lillard
1080294,Adam_Scott_(golfer)
42694638,Law__Order:_Special_Victims_Unit_(season_16)
1687158,John_Paul_Getty_III
26808582,Mason_Plumlee
1126782,William_T._Anderson
31930998,This_Is_40
11091078,Dragon_Ball
1425342,List_of_Star_Wars_video_games
30175038,Emilia_Clarke
1659870,Paul_Haggis
26979534,Peter_Godsday_Orubebe
1658814,Barclays_Center
2172078,Kate_Walsh_(actress)
2371086,Ciarán_Hinds
172326,FC_Bayern_Munich
69414,Castration
1104102,Foggy_Nelson
14814,Indiana_Jones
346854,Stan_Freberg
17977254,Hunico
1491798,Gerard_Piqué
32056806,Willow_Shields
1195302,Scott_Glenn
634974,Sonny_Shroyer
111582,Wonder_Woman
4924254,Assassination_of_Abraham_Lincoln
11291214,Coco_Chanel
31347438,Mark_Stone_(ice_hockey)
1633206,Tyson_Chandler
4023894,Si_Yi_Chen
204582,Battle_of_Five_Forks
4591158,List_of_Law__Order:_Special_Victims_Unit_episodes
4953438,Ode_of_Remembrance
45700998,Noah_Galloway
44707014,The_New_Day
697926,Emma_Frost
204702,Divine_(performer)
705774,Embeth_Davidtz
1974,April_17
513390,List_of_Avengers_members
10490910,Stanley_Cup_playoffs
2010174,Race_and_crime_in_the_United_States
113070,Pontius_Pilate
1710,April_22
241230,Ian_Wright
317070,Sable_(wrestler)
4471038,Money_in_the_Bank_ladder_match
3647046,Getty_family
1888758,Margaery_Tyrell
13133550,Nick_Calathes
26289750,Hawkeye_(comics)
2327862,Popeye_Jones
215670,Lil\'_Kim
362238,Quicksilver_(comics)
223854,U.S._Open_(golf)
39229782,2014_Masters_Tournament
42966,Montreal_Canadiens
24412854,Nico_Tortorella
23680998,Justin_Bieber
3390,Bible
11607222,Ryan_Anderson_(basketball)
742926,ANZAC_Cove
45222,Jean_Michel_Jarre
33514494,Turbo-Charged_Prelude
2202702,A_Dance_with_Dragons
73134,Anaheim_Ducks
53862,Darth_Vader
390606,List_of_heavyweight_boxing_champions
11098110,Fabian_Delph
21046950,List_of_earthquakes_in_India
22090158,Jimmy_Butler_(basketball)
216774,Layne_Staley
159966,Ludacris
1096734,Nick_Massi
1336518,Indian_Plate
449982,Ray_Lewis
16251126,Erik_Karlsson
21692334,Krysten_Ritter
7566,Carousel_(musical)
148878,Mario_Lemieux
195246,The_Passion_of_the_Christ
925494,Tyler_Hansbrough
165630,Battle_of_San_Jacinto
13362678,Robert_Lewandowski
603942,John_Barnes_(footballer)
145830,Edwin_of_Northumbria
7208646,Jallianwala_Bagh_massacre
2031342,Brian_Burke_(ice_hockey)
2088462,Arnold_Palmer_(drink)
222294,John_Hinckley_Jr.
32511174,Cody_Zeller
28326342,Murder_of_Selena
398166,Sebastian_Shaw_(comics)
631494,Moment_magnitude_scale
3914646,Jeff_Green_(basketball)
147726,Shaquille_O\'Neal
10350,Easter_Rising
32601798,Alicia_Vikander
30923526,Raheem_Sterling
675126,DFB-Pokal
26796462,Dean_Ambrose
21105366,James_Deen
17862,L._Ron_Hubbard
766086,Solo_family
10918782,Davidson_Wildcats_men\'s_basketball
4630134,Adam_Wainwright
95310,Oscar_De_La_Hoya
22852566,Crucifixion_of_Jesus
17359,K2
42558799,Flowers_in_the_Attic_(2014_film)
23546455,PGA_Tour
1806895,Vondie_Curtis-Hall
387583,Calvary
630463,WWE_World_Heavyweight_Championship
42908311,Woman_in_Gold
38081095,Jeralean_Talley
719095,FIFA_World_Rankings
595639,Pat_Tillman
10213087,Mark_Sloan_(Grey\'s_Anatomy)
39363007,Undateable
194551,Sammy_Davis_Jr.
3509287,Manchester_derby
17486791,National_Doctors\'_Day
603103,Crystal_Cathedral
1891903,Barlow_and_Chambers_execution
4375,Barry_Bonds
242911,Jack_Nicklaus
229447,Armenian_Apostolic_Church
12596047,Jackson_Martínez
6253255,Sammi_Hanratty
1639,April_28
31136575,NCAA_March_Madness_(CBS/Turner)
1967983,Boss_Hogg
332719,Elizabeth_Montgomery
1132159,Eddie_Howe
3811039,Juan_Manuel_Márquez
187807,Demi_Moore
218935,Walpurgis_Night
16877431,Vincent_Piazza
157447,Greg_Norman
44209783,Asia\'s_Got_Talent
55447,Star_Wars_Episode_III:_Revenge_of_the_Sith
21131695,Robert_F._Kennedy
387751,Kingpin_(comics)
45665503,Meet_the_Smiths
3634471,Jon_Hamm
156607,Nefertari
1660879,Jessica_Paré
25832311,Miles_Plumlee
3133951,Slaviša_Jokanović
38247919,Śmigus-Dyngus
1828447,Jessica_Jones
26392255,Kiernan_Shipka
1779343,Herb_Trimpe
1702399,Zach_Randolph
17473111,Emma_Heming
401575,Lori_Loughlin
268111,Cuban_Revolution
39197287,Dennis_Schröder
780055,Sidney_Crosby
232711,The_Truman_Show
159511,Phoebe_Cates
42688351,2014–15_FC_Barcelona_season
1590607,Beno_Udrih
22224559,The_Last_Song_(film)
11807815,Clay_Guida
32878879,Petr_Mrázek
44489815,Justise_Winslow
15919,John_Wilkes_Booth
3415,Bulgaria
30059575,Los_Bandoleros_(film)
1553191,1992_Los_Angeles_riots
7471,Catherine_of_Siena
965935,January_Jones
33127,Wisconsin
69919,In_Search_of_Lost_Time
235879,Comedy_Central
21728,New_York_Mets
26552,Roy_Orbison
213416,The_Replacements_(film)
29609480,Ice_Age:_Continental_Drift
937184,Chester_Brown
31491224,Trevor_Noah
22228064,Parkinson\'s_disease
81800,Mary-Kate_Olsen
14912,Incest
4118960,Hyman_Roth
31150160,2011_Tōhoku_earthquake_and_tsunami
2421536,Andre_Iguodala
1000232,Genocides_in_history
1162904,Shaun_Livingston
24104048,Koningsdag
2309648,Jay_Bilas
8743328,Ajax_(comics)
15204392,Chandler_Parsons
4381112,1991_NCAA_Men\'s_Division_I_Basketball_Tournament
10185776,Sinking_of_the_RMS_Titanic
11178344,Spasmodic_dysphonia
634064,John_Waters
407288,2_Fast_2_Furious
50744,Return_of_the_Jedi
28059680,List_of_Game_of_Thrones_characters
2060192,Charles_Dance
35749376,R5_(band)
39167360,Dzhokhar_and_Tamerlan_Tsarnaev
609032,Jane_Russell
11951528,Mad_Men
182456,Frankie_Valli
26378096,Trans_woman
237080,Mystique_(comics)
10631744,Wisconsin_Badgers_men\'s_basketball
2627960,Kentucky_Wildcats
13118744,Scientology
4575104,Armenian_Genocide_Remembrance_Day
123512,Wang_Jingwei
76496,Max_von_Sydow
5718176,Jamie_Mackie
3002912,Franck_Ribéry
3505712,Trans-Pacific_Partnership
42503144,Sinking_of_the_MV_Sewol
49448,Horus
17168,Kathmandu
39144224,West_Fertilizer_Company_explosion
222488,Camp_Nou
30680,The_New_York_Times
24944,Plate_tectonics
31457768,Desiree_Linden
14690456,Boyd_Holbrook
43376,Boston_Celtics
2240912,2005_NHL_Entry_Draft
18969800,Michael_Clarke_Duncan
59216,Liza_Minnelli
5454176,Darla_Moore
3960800,List_of_natural_disasters_by_death_toll
610616,Fletcher_Christian
1400,Anno_Domini
6018248,Monty_Williams
17144072,Fritzl_case
606848,Catholic_Church
634088,John_Kruk
5111264,William_Porter_Payne
36906344,Batman:_The_Dark_Knight_Returns_(film)
41357456,Michael_Sam
1051400,Better_Luck_Tomorrow
655424,Grant_Hill
42604160,Rydel_Lynch
322448,Scottie_Pippen
379616,Colin_Montgomerie
39761168,Mad_Men_(season_7)
34030640,Jabari_Parker
24395072,Jewish_greetings
2014592,Puthandu
7207040,Clint_Hill_(footballer)
66968,Stanley_Cup
5257280,Duela_Dent
6176,Cecil_B._DeMille
12710384,Rickie_Fowler
5847824,Jeff_Ross
389504,Caiaphas
3385208,Goodluck_Jonathan
38246480,Willie_Cauley-Stein
1711737,Bartolo_Colón
40918281,List_of_Suicide_Squad_members
19887297,List_of_FA_Cup_finals
2417049,Jarret_Stoll
3271785,George_Parros
149697,Boeing_737
8367801,Final_four
17016657,Haaz_Sleiman
27196905,List_of_oldest_and_youngest_National_Basketball_Association_players
9105,DC_Comics
7652049,Jon_Scheyer
25541697,Louie_(TV_series)
67761,Herod_the_Great
165681,The_Four_Seasons_(band)
31615401,Game_of_Thrones_(season_1)
15443721,Wineville_Chicken_Coop_Murders
233529,Aftershock
10861449,Shalane_Flanagan
399441,Nenê
1848921,Roma_Downey
263385,True_Cross
2064489,Michele_Bachmann
43186905,Game_of_Thrones_(season_5)
3935145,Luca_Brasi
30345225,Jae_Crowder
2746089,Lucas_Oil_Stadium
26581569,Deus_Ex_(series)
12643497,Comedy_Central_Roast
337401,Stations_of_the_Cross
41594601,Doctor_Who_(series_9)
18630681,Daredevil_(Marvel_Comics)
21814113,2011_NHL_Entry_Draft
40434681,2013–14_Wisconsin_Badgers_men\'s_basketball_team
270849,Winnipeg_Jets_(1972–96)
15777,Joseph_Goebbels
2396553,Pep_Guardiola
1625913,Fredo_Corleone
20557161,Han_Solo
14136945,Nazanin_Boniadi
178617,Daughters_of_the_American_Revolution
952833,Elin_Nordegren
546105,S-300_(missile)
307209,Wisconsin_Badgers
50793,Star_Wars_Episode_I:_The_Phantom_Menace
12441,Genocide
98553,Red_Skull
713577,A_Game_of_Thrones
381369,Christine_Jorgensen
434385,Bobby_Jones_(golfer)
378561,Eric_Harris_and_Dylan_Klebold
1307649,Gilbert_Arenas
38824857,List_of_Vikings_episodes
1146033,Kevin_McHale_(basketball)
36753,Magic_Johnson
414897,America\'s_Funniest_Home_Videos
17503833,Xenophobia_in_South_Africa
565113,David_Rocastle
39301329,Isaiah_Brown
951969,Baltimore_riot_of_1861
46296513,Garissa_University_College_attack
25844193,Kit_Harington
10292841,Julianne_Hough
30476025,Mike_Budenholzer
144201,Kenny_Baker_(English_actor)
67377,Ho_Chi_Minh
4779441,Hugh_Keays-Byrne
182265,Boston_Marathon
21883857,Indiana
18026409,2010_NHL_Entry_Draft
311937,Kane_(wrestler)
20286729,Jrue_Holiday
3508785,Dani_Alves
372417,1960_Valdivia_earthquake
31737,Supreme_Court_of_the_United_States
2435721,Duke_Blue_Devils
4894473,Pashupatinath_Temple
1970001,Renae_Lawrence
4359321,Doris_Burke
176457,Songkran_(Thailand)
1031793,Didier_Drogba
32931921,Sin_Cara
4213809,Glen_Davis_(basketball)
648201,Paschal_greeting
72897,Portland_Trail_Blazers
2437065,Andrés_Iniesta
34700457,Seven_Churches_Visitation
6200601,NCAA_Men\'s_Division_I_Final_Four_appearances_by_school
488793,Jim_Caviezel
10017154,Indiana_Hoosiers_men\'s_basketball
439642,Wasp_(comics)
1527394,Ricky_Hatton
21463858,Gwendolyn_Osborne
29963050,2012–13_UEFA_Champions_League
199018,Miguel_Cotto
202354,Vietnam
39353050,International_Workers\'_Day
162154,Steve_Yzerman
1640050,Sophia_Bush
1642930,John_Calipari
1577650,Amanda_Waller
303946,Stephanie_McMahon
1303234,J._J._Redick
42227890,2014–15_Duke_Blue_Devils_men\'s_basketball_team
42892786,List_of_The_Last_Ship_episodes
524986,Batman:_The_Killing_Joke
5486482,National_Hockey_League_rules
1848610,Tatiana_Maslany
496570,Vince_Carter
8252650,North_Carolina_Tar_Heels_men\'s_basketball
174922,The_Go-Go\'s
42721570,List_of_Marvel_Cinematic_Universe_television_series
59554,Jesus_Christ_Superstar
32558962,Marshall_Plumlee
34206946,Gisela_of_France
2171410,Greg_Giraldo
18951826,April_4
23804578,Skylar_Diggins
60706,National_Collegiate_Athletic_Association
6323098,Mesut_Özil
15003874,Tom_Hiddleston
28492546,Kelly_Olynyk
2452474,Marcin_Gortat
2194,April_5
1821202,Barabbas_(1961_film)
615874,Gianluigi_Buffon
40621714,Brandon__Leah
32342938,Gwendoline_Christie
193714,Holy_Week
13408378,Fanny_Sunesson
42013786,Paul_Blart:_Mall_Cop_2
1644922,Holy_Wednesday
13737778,Keeping_Up_with_the_Kardashians
462394,Jason_Kidd
43291186,2015_U.S._Open_(golf)
1443634,Billy_Donovan
3667066,Azazel_(Marvel_Comics)
9262402,David_Luiz
255898,Mad_Max
13383154,Javier_Hernández
5559010,Avery_Johnson
43161442,Jack_Eichel
392554,Terry_Nichols
48034,Anzac_Day
1497682,Zeta_Beta_Tau
2740978,Peter_Clemenza
44653018,Killing_Jesus_(miniseries)
565474,Icing_(ice_hockey)
27798490,WrestleMania_XXX
927946,Peter_Alliss
752314,2003_NBA_draft
40006090,Dragon_Ball_Z
5703322,Kyle_Okposo
1492042,John_Derek
188746,Civil_Rights_Act_of_1964
1323466,Official_World_Golf_Ranking
667018,Sergio_García
4306,Beltane
8037082,2005_Kashmir_earthquake
3058522,Race_and_ethnicity_in_the_United_States
302602,Wolverine_(character)
1095706,Jesus
340330,Watts_riots
36909154,Dani_Carvajal
2295010,Flowers_in_the_Attic
44002,United_States_Attorney_General
53602,Luke_Skywalker
18291346,List_of_Edmonton_Oilers_draft_picks
20110714,1906_San_Francisco_earthquake
310762,Marathon_world_record_progression
1142794,Carlo_Ancelotti
2215547,Keyshia_Cole
23048651,Surb_Karapet_Monastery
290195,Elizabeth_Warren
4127843,Vanessa_Fisk
4183115,Tony_Dovolani
21348731,P._K._Subban
556331,Emeka_Okafor
8795,Detroit_Red_Wings
20321147,Typhus
1787,April_9
25040387,2009–10_Duke_Blue_Devils_men\'s_basketball_team
355379,Manisha_Koirala
1512539,Jesse_Eisenberg
46285691,Andrew_Getty
39425747,Your_Face_Sounds_Familiar_(Philippine_TV_series)
690083,List_of_WWE_World_Heavyweight_Champions
756107,Geno_Auriemma
188171,Kenya
28715,System_of_a_Down
59627,Columbine_High_School_massacre
161459,James_Milner
337019,Robert_Todd_Lincoln
2316131,Nikolaj_Coster-Waldau
28272011,Marquis_Teague
1624043,Easter_Vigil
68555,Eunuch
664019,Owl_(Marvel_Comics)
272723,Canute_IV_of_Denmark
1345259,Anggun
73259,Order_of_the_Garter
4709147,Dustin_Byfuglien
10878515,Mark_Reeds
21683,Nancy_Sinatra
3993299,Stone_(Marvel_Comics)
42179,Mount_Everest
39402563,2014–15_UEFA_Europa_League_knockout_phase
5606675,John_Lloyd_Young
2195,April_20
357059,John_André
3561731,Steve_Williams_(caddy)
43881299,The_Lucha_Dragons
359603,Simon_of_Cyrene
12899,Gestapo
331715,Borussia_Dortmund
16849403,Connecticut_Huskies_men\'s_basketball
550067,Michael_Corleone
16043,Jerusalem
10823555,Muffet_McGraw
1836179,Ælla_of_Northumbria
262475,Melanie_C
42083,Clark_Gable
36437867,Dragon_Ball_Z:_Battle_of_Gods
6731,Boeing_C-17_Globemaster_III
19256075,Maggie_Siff
2483,April_21
2964059,Sam_Worthington
1425107,Jim_Nantz
396803,Dirk_Nowitzki
53435,Venus_de_Milo
44219,Mel_Gibson
31665323,Kathmandu_Durbar_Square
38318195,Political_positions_of_Rand_Paul
21859691,Garfunkel_and_Oates
708371,Defenders_(comics)
63995,Professional_wrestling_match_types
150011,Bergen-Belsen_concentration_camp
22888547,John_Wall_(basketball)
8747147,2010_NBA_draft
446099,John_Terry
2748971,Rian_Johnson
157211,Masters_Tournament
803,Arabic_language
1625891,Vito_Corleone
30657971,Thibaut_Courtois
46403,Passover_Seder
250715,Saint_George_and_the_Dragon
34656371,Lori_Greiner
174395,Lewinsky_scandal
11889347,Jorge_Masvidal
42971,The_Dukes_of_Hazzard
43115,Ava_Gardner
6761075,Calbuco_(volcano)
24050915,Extraversion_and_introversion
1464947,Alhambra_Decree
27795131,The_Winds_of_Winter
102227,New_York_Post
22407180,Tig_Notaro
438060,Qingming_Festival
43483356,Seeds_of_Yesterday_(film)
417324,Battle_of_Lone_Pine
59172,Judas_Iscariot
1092612,Glossary_of_golf
240900,World_War_II_casualties
53964,The_Empire_Strikes_Back
34459716,Bryant_Jennings
957684,Cesc_Fàbregas
1529604,Tom_Wopat
16514508,1997_Masters_Tournament
25453500,Coordinated_Universal_Time
2054844,Jamal_Crawford
42880644,2014–15_Wisconsin_Badgers_men\'s_basketball_team
329772,List_of_mayors_of_Baltimore
496020,Arrested_Development_(TV_series)
33900,William_Bligh
333012,Robert_Kardashian
19692,Monopoly_(game)
12,Anarchism
1648524,O._J._Mayo
8484,Deus_Ex
31028820,List_of_National_Basketball_Association_career_playoff_scoring_leaders
44220,UEFA_Champions_League
24537060,Kendall_Jenner
34099140,2012_Masters_Tournament
1796004,Rumer_Willis
33443220,Brickleberry
23416020,Ice_Age_(franchise)
2101284,Richard_Fisk
23340,Paganism
25740,Robert_E._Lee
10434804,Marreese_Speights
17128740,Dominic_Toretto
16354524,List_of_Masters_Tournament_champions
679716,Belgium_national_football_team
9324,Easter_egg
74940,Marian_Anderson
499380,Jeanette_MacDonald
1615980,Ian_Poulter
20785764,Black_Sunday_(storm)
12300,George_R._R._Martin
753300,Laura_Prepon
5186028,Moe_Greene
15054180,Nuestra_Belleza_Latina
853380,Dan_Blocker
31383036,Riker_Lynch
693780,Paul_Hogan
32893956,The_Bible_(miniseries)
2250516,Baltimore_riot_of_1968
193260,Penny_Black
377388,Elektra_(comics)
726516,Peggy_Shippen
274452,California_Golden_Seals
1651932,Pontius_Pilate\'s_wife
568092,Overtime_(ice_hockey)
399372,Public_holidays_in_the_United_States
31388580,Meek_Mill
408948,Jeffrey_Hunter
1231332,Thomas_DeSimone
43356,Tiger_Woods
2144172,Bobby_Zamora
73140,Nashville_Predators
72852,Brooklyn_Nets
162084,Jodie_Sweetin
1453980,Jason_Terry
48804,London_Marathon
24748284,Olivier_Giroud
11134596,Kent_State_shootings
1472628,St_George\'s_Day
36836604,Adrien_Rabiot
215148,John_Muir
2468316,Trevor_Ariza
2196,April_19
5639916,Allison_Holker
5426652,List_of_Full_House_characters
302100,Sorrell_Booke
224580,Grand_Slam_(golf)
43223244,A.B._Quintanilla
868356,Killer_Croc
1110732,David_Duval
84781,Jean_Seberg
447685,Aelia_Eudoxia
2387461,Boris_Diaw
4376005,Fasting_and_abstinence_in_the_Roman_Catholic_Church
52549,Star_Wars_(film)
4679173,Ben_Bishop
799357,John_Schneider_(screen_actor)
39120733,Boston_Marathon_bombings
13102861,Baltimore_riots
170389,Maundy_Thursday
8219053,Duke_Blue_Devils_men\'s_basketball
26941,Spike_Lee
38314165,Ashley_Olsen
684397,The_Ultimate_Warrior
3300973,Villers-Bretonneux
679837,Basketball_court
148645,Helena_(empress)
1972333,Rick_Hurst
39783541,Mookie_Betts
46165,Charlton_Heston
37133773,Pattie_Mallette
4521253,Garissa
2461597,Michael_Carrick
48733,Ragnar_Lodbrok
245989,Ēostre
23292229,Akihito
1093333,Bob_Gaudio
914029,The_Dark_Knight_Strikes_Again
2820925,Elden_Henson
28381,Superman
11283085,Deus_Ex:_Human_Revolution
981085,David_A._Johnston
2127805,Deron_Williams
3595429,Carey_Price
976141,Jon_Snow_(character)
434221,James_Webb_Space_Telescope
1261,April_26
377029,Wild_Bill_Hickok
22860589,Shark_Tank
77701,Ishtar
21709,Nation_of_Islam
118405,Howard_Keel
23725,Peter_Falk
22093,National_Basketball_Association
14203213,Seth_Rollins
4477,The_Beach_Boys
201949,Mia_Farrow
29642053,Elizabeth_Olsen
622597,Anthony_Daniels
7687021,Cristina_Yang
1478485,Battle_of_Appomattox_Court_House
221725,Don_Cherry
12301,A_Song_of_Ice_and_Fire
176725,The_Open_Championship
32293,United_States_Secretary_of_State
36426373,Mad_Max:_Fury_Road
34141,Xenophobia
14611981,Robin_Lopez
3426205,Christina_Hendricks
1823869,The_Exodus
1353277,King_of_Kings_(1961_film)
70501,Atlanta_Thrashers
3538237,Andrew_Chan
90685,Debi_Mazar
4750261,Daniel_Gibson
25645,Rwanda
140461,Lists_of_earthquakes
3765853,Colby_Armstrong
9325,Easter
656221,Augusta_National_Golf_Club
31120069,List_of_Game_of_Thrones_episodes
225541,Talia_Shire
755749,Alexander_Ovechkin
14596669,Kofi_Kingston
47125,Easter_Bunny
32187421,Norris_Cole_(basketball)
644437,Bob_Hartley
17107550,Danny_Green_(basketball)
9945566,List_of_the_verified_oldest_people
18599942,History_of_the_National_Hockey_League_(1967–92)
734894,Denver_Pyle
72878,Milwaukee_Bucks
290462,Badger
248222,The_Fast_and_the_Furious_(2001_film)
236750,Mahavira
19766,Marshall_Plan
5032094,Ashley_Young
48830,Georgia_(U.S._state)
170438,Heather_Graham
16368206,Paul_Blart:_Mall_Cop
20966,Marvel_Comics
45376382,Devin_Booker
16046,James_Cagney
18896198,Luke_Harper
15895358,Calgary
2162222,The_Miz
45322262,Linda_L._Singh
17238662,Grenada
23962286,Callum_Wilson_(English_footballer)
4906670,Scientology_and_celebrities
36613262,X-Men:_Days_of_Future_Past
41374286,Daenerys_Targaryen
5122310,March_Days
42518,Rollo
24227534,Mad_Max_(franchise)
28150958,List_of_NCAA_Men\'s_Division_I_Basketball_champions
7953974,Bubba_Watson
21424406,Candace_Cameron_Bure
5354438,Seeds_of_Yesterday
42163310,List_of_Marvel_Cinematic_Universe_films
38131286,2015_Copa_Libertadores
42194534,Larry_Hogan
1849742,Damien_Sandow
11659694,List_of_oldest_living_people
740534,Diana_Taurasi
1862,April_14
44236934,Truth_(2015_film)
2901782,Mark_Rathbun
24148454,Arsène_Wenger
42785942,2014–15_FA_Cup
2250854,Hedo_Türkoğlu
3772886,Ayelet_Zurer
9262238,Sara_Northrup_Hollister
1506950,Men\'s_major_golf_championships
1334,April_16
4704518,Suvarnadurg
43633622,The_Visit_(2015_film)
25157414,2014_NCAA_Women\'s_Division_I_Basketball_Tournament
2174,Arsenal_F.C.
46294454,Garissa_University_College
418598,Gentlemen_Prefer_Blondes_(1953_film)
26414,Resurrection_of_Jesus
3067598,Nusa_Kambangan
964382,Australian_and_New_Zealand_Army_Corps
222902,Führerbunker
886286,List_of_top_300_Major_League_Baseball_home_run_hitters
42492206,Younger_(TV_series)
1668254,Tom_Izzo
25157702,2015_NCAA_Women\'s_Division_I_Basketball_Tournament
26678,Star_Wars
28347998,1992_United_States_men\'s_Olympic_basketball_team
21284222,Brody_Jenner
1502942,Black_Day
12760718,Max_Scherzer
2384174,Arda_Turan
543758,Holy_Saturday
35436254,Game_of_Thrones_(season_3)
1343342,Ben-Hur_(1959_film)
12310814,Carly_Rae_Jepsen
2304230,Clark_Kellogg
1591574,Luke_Walton
11556494,Dharahara
32747990,Naomi_(wrestler)
1690046,Rosie_Ruiz
215966,Amar\'e_Stoudemire
525038,Bernie_Mac
29540174,Rose_Leslie
19646390,Jackie_Robinson_Day
7687022,Izzie_Stevens
24559190,Beck_v._Eiland-Hall
384758,WrestleMania
2447343,Matt_Barnes
44174775,Dominic_Solanke
214479,Computus
8726463,Al-Shabaab_(militant_group)
469887,David_Foster
7023,Confederate_States_of_America
42440511,2014–15_Kentucky_Wildcats_men\'s_basketball_team
5864967,2010_NCAA_Men\'s_Division_I_Basketball_Tournament
19630743,Dustin_Johnson
27668775,Attahiru_Jega
1695615,Rex_Chapman
27134463,Scooter_Braun
1891287,List_of_Australians_imprisoned_or_executed_abroad
1323399,Justin_Rose
158079,Joss_Whedon
167847,Ramesses
26601543,Beneath_Hill_60
895551,FC_Dnipro_Dnipropetrovsk
154143,Edward_R._Murrow
440391,Pavel_Datsyuk
8679351,Oscar_De_La_Hoya_vs._Floyd_Mayweather
23389359,Chad_Mendes
249183,Ludlow_Massacre
26247,Received_Pronunciation
43867095,Deadpool_(film)
38488983,All_Progressives_Congress
58719,Judy_Garland
6220455,Kevin_Love
4057599,Nastia_Liukin
1965591,Star_Wars:_Battlefront_II
13188471,Kentucky_Wildcats_men\'s_basketball
26342823,Quincy_Pondexter
4870191,Tracy_Wolfson
36691503,2013_Masters_Tournament
488919,Barabbas
1183383,Sansa_Stark
6267327,Freddie_Roach_(boxing)
20647767,Jennifer_Connelly
5655,Courtney_Love
3381687,Bob_Crewe
22549887,GRB_090423
4519047,List_of_first_overall_NHL_draft_picks
38865327,2013–14_Kentucky_Wildcats_men\'s_basketball_team
587895,Spaghetti-tree_hoax
26521287,Jared_Sullinger
2083887,The_Hand_(comics)
40715991,Renee_Young
21330399,Fandango_(wrestler)
41577351,Silicon_Valley_(TV_series)
262383,Ben_Hogan
31142199,List_of_U.S._men\'s_college_basketball_national_player_of_the_year_awards
38000871,2013_NBA_draft
21231,Nirvana_(band)
46204719,Eurovision_Song_Contest\'s_Greatest_Hits
72879,Toronto_Raptors
665823,Randy_Orton
507399,NCAA_Men\'s_Division_I_Basketball_Championship
76383,The_Ten_Commandments_(1956_film)
1753935,Battle_of_the_Seelow_Heights
1505487,Andrew_Bogut
22500951,List_of_NCAA_Men\'s_Division_I_Final_Four_appearances_by_coach
2539671,Ten_Commandments
156591,List_of_Scientologists
353535,Roman_Abramovich
29773383,Lelisa_Desisa
36584679,Gangnam_Style
570135,Battle_of_Kapyong
1649823,Charlie_Villanueva
35098911,Pollyanna_Woodward
999975,Peter_Mayhew
20647359,Elisha_Cuthbert
5170095,List_of_Grey\'s_Anatomy_characters
1245855,Burger_Chef
84183,Manfred_von_Richthofen
41004928,Tyrion_Lannister
41919736,The_Age_of_Adaline
47944,Joseph_of_Arimathea
87208,Execution_by_firing_squad
2224,April_8
61768,Mount_Sinai
5126056,Earthquake_zones_of_India
2083168,Simonetta_Stefanelli
1621984,Paul_Casey
206392,Nancy_Wake
3279424,R.A._Dickey
2873440,Matthew_Norman
991720,Leah_Remini
574120,Iron_Fist_(comics)
162856,Ngaio_Marsh
284368,University_of_Kentucky
33438856,Johnny_Gaudreau
25646896,Matthew_Dellavedova
72880,Dallas_Mavericks
40319896,2013–14_Connecticut_Huskies_men\'s_basketball_team
1417360,Falcon_(comics)
3587416,Lazarus_of_Bethany
2231248,List_of_current_world_boxing_champions
2649448,Mike_Vitar
31663216,Apostle_(Christian)
4125040,Bruno_Tonioli
12325816,Katheryn_Winnick
174376,Whitewater_controversy
3838336,Chios_massacre
349744,Payne_Stewart
448120,Luke_Cage
1624,Andrew_Johnson
54376,Attorney_general
39550528,2014_Stanley_Cup_playoffs
38205760,Misao_Okawa
24902944,Antoine_Griezmann
2423824,Nate_Robinson
30876976,Tyrese_Gibson
66880,New_York_Islanders
29656,Steve_Ballmer
4606216,2009_NCAA_Men\'s_Division_I_Basketball_Tournament
35807080,Caroline_Rotich
14560,Republic_of_Ireland
3365296,King_Shark
15028384,Personal_relationships_of_Frank_Sinatra
10918072,Armenia
2724232,Divya_Bharti
6088,Common_Era
1343296,Ben-Hur:_A_Tale_of_the_Christ
372088,Lampedusa
2452600,Adewale_Akinnuoye-Agbaje
551608,Henrik_Sedin
36958408,Bobby_Schuller
27990160,Jacob_Anderson
5950096,José_Juan_Barea
14143360,Jerryd_Bayless
2755048,Royal_Wedding
375280,Patriots\'_Day
437008,Catherine_Bach
7687024,George_O\'Malley
548896,National_Invitation_Tournament
19467352,Richter_magnitude_scale
24438232,2012_NCAA_Men\'s_Division_I_Basketball_Tournament
39199024,2014_NBA_Playoffs
1439896,1._FSV_Mainz_05
171952,Gabriela_Mistral
3424552,List_of_incidents_of_civil_unrest_in_the_United_States
38922448,Inside_Amy_Schumer
12106552,NBA_playoffs
201184,Charles_Barkley
42521680,2014_Mount_Everest_avalanche
1501432,David_Miscavige
768856,College_basketball
4228120,2008_NCAA_Men\'s_Division_I_Basketball_Tournament
380296,Ramesses_I
1422400,Linda_Kozlowski
578152,Big_Show
8910640,Stephanie_Rawlings-Blake
538696,MTV_Movie_Awards
82385,Sex_reassignment_surgery
5354657,Garden_of_Shadows
11914121,Rand_Paul
50585,Philadelphia
14673089,Hormone_replacement_therapy_(male-to-female)
231137,Earthquake_prediction
15280265,DeMarre_Carroll
550265,Mike_Bossy
372857,Clyde_Drexler
32451017,Independent_city_(United_States)
218585,Jane_Powell
42809561,The_Comedians_(2015_TV_series)
64673,Bruce_Willis
11042849,Gray_Maynard
531977,King_of_the_Ring
339953,Coolie
4764977,Pekka_Rinne
313865,SS_Sultana
16121,Joshua
158177,Condoleezza_Rice
640889,Rachel_Hunter
344393,Jan_Koller
330737,Rebecca_Lobo
21876113,Melissa_Rycroft
457841,Mark_Burnett
2255225,The_Princes_of_Malibu
3384137,Baltimore_Police_Department
231089,Vincent_D\'Onofrio
9802817,Brook_Lopez
2054561,Dancing_with_the_Stars_(U.S._TV_series)
23257001,Miguel_Layún
12929,Gallipoli
9056969,Charley_Hoffman
10049,Eric_Clapton
479273,Dwight_Howard
53273,Duke_University
21809,National_Hockey_League
36289025,Jahlil_Okafor
43913,Anthony_Quinn
682505,Adam_Yahiye_Gadahn
1221065,Fred_Couples
186041,Ellen_Burstyn
683945,Louis_van_Gaal
4991705,Par_(score)
768497,Larisa_Oleynik
3538049,Scott_Rush
1008305,Joe_Johnson_(basketball)
451121,A.F.C._Bournemouth
10107281,Seth_Davis
1285865,Drew_Gooden
42541025,List_of_Silicon_Valley_episodes
14924129,Mondawmin_Mall
740993,Seve_Ballesteros
147041,Manu_Ginóbili
19577,Moses
998777,Shroud_of_Turin
66881,New_York_Rangers
1853177,World_Book_Day
607337,Mitch_Hedberg
5763449,Manuel_Pellegrini
7245785,Marouane_Fellaini
40673057,Sam_Bennett_(ice_hockey)
1732913,Khumbu_Icefall
925985,WWE_Tough_Enough
20664185,J._R._Martinez
34025801,Gun_laws_in_Maryland
31361,Tristan_da_Cunha
17633,Libya
186089,Patti_LaBelle
2447393,Louis_Williams
19630649,Van_Tuong_Nguyen
9678449,Death_of_Kurt_Cobain
3188513,Ryan_Miller
3747761,Bennett_Miller
23529641,Domhnall_Gleeson
23009201,Aron_Baynes
43097,Gender_identity_disorder
2312705,Kris_Humphries
4901753,Dave_Cameron_(ice_hockey)
21100601,Jeff_Teague_(basketball)
5489,Chile
237521,Seti_I
18934121,Tyreke_Evans
304169,Shane_McMahon
1594937,Brian_Nichols
17360849,Timothy_Bradley
551129,Muhammadu_Buhari
418625,Martin_Lawrence
17329265,Kris_Jenner
38018945,Otto_Porter
4721,British_Empire
3201113,Eric_Dane
38860793,Lykan_HyperSport
4474673,Corey_Crawford
2105945,Martin_Stephens
4649,Billy_Crystal
689,Asia
56153,Ophthalmology
11758889,Cesar_Chavez_Day
81425,Brian_Wilson
3711449,Amanda_Crew
22144721,Iron_Man_2
1194329,V._C._Andrews
4447217,Joakim_Noah
2196833,Tony_Allen_(basketball)
2854265,Zeebrugge_Raid
39476129,2015–16_UEFA_Champions_League
271409,Northern_Cyprus
1135721,Fall_of_Saigon
19961,Manchester_United_F.C.
44632625,RuPaul\'s_Drag_Race_(season_7)
31163849,Kawhi_Leonard
1520225,Raymond_Floyd
35195177,2013–14_UEFA_Champions_League
37985010,Karl-Anthony_Towns
38710170,Game_of_Thrones_(season_4)
154554,John_Williams
27242394,Deepwater_Horizon_explosion
984642,Harriet_Quimby
182298,List_of_winners_of_the_Boston_Marathon
29133042,Artem_Chigvintsev
2166474,Monta_Ellis
164370,Roy_Scheider
5865138,2011_NCAA_Men\'s_Division_I_Basketball_Tournament
22653018,Bonus_(basketball)
33751890,C._J._McCollum
1179978,Steve_Smith_(basketball)
27905658,Kyrie_Irving
3354,Berlin
644418,Mike_Babcock
48570,Egbert_of_Wessex
2447514,Zaza_Pachulia
9502602,Vienna_Offensive
34927746,Big_E_Langston
39134874,Sharna_Burgess
2108274,Lena_Headey
33186,Waffen-SS
18858,Maryland
3225498,Libertarianism
16593522,BOAC_Flight_712
540906,Dave_Coulier
343554,Jessica_Alba
18739938,Taylor_Hall
954,Albert_Speer
4765530,HBO
1133034,Diego_Simeone
161466,Rock_Hudson
2068890,The_Sandlot
1491834,Kieran_Richardson
1812954,Linda_Thompson_(actress)
99858,Michael_McKean
26997138,Baltimore
19724058,Chewbacca
346578,Alfred_P._Murrah_Federal_Building
1481874,Battle_of_the_Lys_(1918)
32610,Vikings
156858,Asexuality
20865738,Derrick_Rose
34218,X-Men
66402,Brown_v._Board_of_Education
1329090,Mustafa_Kemal_Atatürk
12673434,Thor_(film)
1112610,Meb_Keflezighi
323322,Lod
1514634,Mark_O\'Meara
14660154,DeAndre_Jordan
1506930,Superman/Batman
29010,Saint_George
430434,Nicole_Brown_Simpson
38019042,Michael_Carter-Williams
49266,Buchenwald_concentration_camp
43722,Decathlon
17154,Kit_Carson
2288010,Bill_Raftery
39134682,Andrew_Harrison_(basketball)
9954,Eurovision_Song_Contest
64962,Fred_Astaire
8665362,Travis_Fimmel
11370,FIFA_World_Cup
1147410,Ronan_Farrow
3181074,Dustin_Fletcher
40522842,Jack_Grealish
983010,Jordana_Brewster
639018,Legends_Football_League
202122,Maureen_O\'Sullivan
463434,Judith_Anderson
416514,Karen_Page
45274650,One_Big_Happy_(TV_series)
42692226,2015_Stanley_Cup_playoffs
384402,Easter_Monday
4978122,Maharashtra_Day
72858,Washington_Wizards
3624954,Tim_Sherwood
19283178,Benito_Mussolini
11816490,Orthodox_stance
2154,African_American
19490874,Al-Farouq_Aminu
338778,List_of_riots
1449426,List_of_golfers_with_most_PGA_Tour_wins
4808226,Keke_Palmer
1938,Andrew_Carnegie
18859,Michigan
2913859,The_Fast_and_the_Furious:_Tokyo_Drift
18595,Lex_Luthor
91171,Hitler_Diaries
10973779,Brad_Stevens
178843,Brotherhood_of_Man
21139,North_America
18717883,Jodie_Foster
22754875,Tea_Party_movement
1597099,List_of_A_Song_of_Ice_and_Fire_characters
34570531,Game_of_Thrones_(season_2)
16795291,List_of_NBA_champions
45979,Victoria_Beckham
2597083,Robert_A._Schuller
12225091,Derek_Hough
150091,George_Foreman
33947707,Ross_Lynch
23615827,Calgary_Flames
5228419,Negasonic_Teenage_Warhead_(comics)
1159411,Last_Post
68131,Martin_Sheen
7999675,Juan_Mata
31396771,Halt_and_Catch_Fire_(TV_series)
151603,Dean_Martin
9200779,Pac_(wrestler)
761899,Sayings_of_Jesus_on_the_cross
606571,Infinity_Gems
23059,Passover
31119283,Tyler_Johnson_(ice_hockey)
20587,March_31
200563,Paul_Bettany
85099,Watford_F.C.
34297243,Siege_of_Paris_(845)
2815243,Star_Wars_sequel_trilogy
37621963,2014_NCAA_Men\'s_Division_I_Basketball_Tournament
192595,Methicillin-resistant_Staphylococcus_aureus
5792539,Kyle_Lowry
73243,The_Dark_Knight_Returns
39402547,2014–15_UEFA_Champions_League_knockout_phase
525475,Craig_Kilborn
8036875,Jack_Capuano
12321451,Bill_D\'Elia
70435,Battle_of_Vimy_Ridge
43126315,Petals_on_the_Wind_(film)
20923,Matzo
204835,Yolanda_Saldívar
4339,Boston_Red_Sox
11059,Five_Pillars_of_Islam
956947,Paul_Pierce
294451,Zipporah
3304339,LaMarcus_Aldridge
8887003,Eric_Gordon
26807275,Jesse_James
918091,Easter_Parade_(film)
314563,Dennis_Quaid
1723339,Chris_Kaman
33819259,2014_NBA_draft
327427,The_Greatest_Story_Ever_Told
30667,Last_Supper
15413275,List_of_winners_of_the_London_Marathon
4283275,List_of_NCAA_Men\'s_Final_Four_broadcasters
2953963,Sheamus
230467,Ernie_Els
5753059,Thabo_Sefolosha
38596219,2013–14_Premier_League
249403,Robert_H._Schuller
2395,April_11
26481955,Odisha_Day
168715,Ron_Paul
19147,Marshall_Islands
7891,David_Lynch
3451,The_Bahamas
142123,Plessy_v._Ferguson
2456275,Brandon_Bass
516595,Nassau_Veterans_Memorial_Coliseum
1386451,Manoel_de_Oliveira
2928283,Don_Hollenbeck
2239963,Kartini
1961587,Ángel_Cabrera
42469267,100th_anniversary_of_the_Armenian_Genocide
311899,Harley_Quinn
13982539,T._J._Miller
39756163,Naked_and_Afraid
3699307,Mark_Getty
9527107,Hassanal_Bolkiah
7600820,Michael_Urie
5676692,Iron_Man_(2008_film)
47372,Charles_the_Bald
6079364,Rachael_Carpani
1467716,Sex_(play)
249524,Harrowing_of_Hell
3219932,Ryan_Getzlaf
73124,Tampa_Bay_Lightning
863252,Captain_Boomerang
6976868,Everest_Base_Camp
1447676,Dancing_with_the_Stars
41865524,A.K.A._Jessica_Jones
1367012,Tenebrae
27308,Sierra_Leone
33768164,Google_X
222788,Ishmael
405860,Gary_Player
4258460,I_Never_Liked_You
17198804,Khloé_Kardashian
19526036,Joan_Holloway
7651220,Jesus_Christ_Superstar_(film)
7145492,Blaise_Matuidi
985820,Sigurd_Snake-in-the-Eye
50420,Billie_Holiday
2133836,Jarrett_Jack
3939524,Mars_Blackmon
796676,A_Feast_for_Crows
2438660,Lufthansa_heist
21256892,Aníbal_Milhais
44693492,2015_MTV_Movie_Awards
38131244,2015_AFC_Champions_League
311852,Punisher
1967972,MGM_Grand_Garden_Arena
31665644,Saint_Peter
3133772,Leonora_Carrington
13436,Heinrich_Himmler
649484,Rosario_Dawson
999980,Greta_Van_Susteren
3092,Akira_Toriyama
28509884,Austin_Rivers
1642868,Doc_Rivers
7290308,Big_Ben
65780,Vladimir_Komarov
10098068,NCAA_Men\'s_Division_I_Basketball_Championship_records
129644,The_Godfather_Part_III
29200196,Masai_Ujiri
1664132,Gregg_Popovich
1145228,Arminia_Bielefeld
2564,April_10
17325260,Rob_Kardashian
45103676,List_of_Madam_Secretary_episodes
42433292,Daredevil_(TV_series)
20939996,1934_Nepal–Bihar_earthquake
2337812,List_of_WWE_personnel
22836788,Thiago_Alcântara
598868,Mad_Max_Beyond_Thunderdome
214796,Lizzie_Borden
453236,Fast_Times_at_Ridgemont_High
665612,Gary_Dourdan
9955340,Diego_Godín
4878740,Frank_Pentangeli
1533308,Bucky
20715044,Game_of_Thrones
55964,Lennox_Lewis
66956,Ho_Chi_Minh_City
17972,Louis_the_Pious
314468,Lorna_Luft
59084,Arena_Football_League
181076,Berserker
12899300,Jason_Dufner
37988,National_Guard_of_the_United_States
3409580,Marc_Gasol
22196,Orson_Welles
31748,Ultra
31234796,TBS_(TV_channel)
1808852,Ben_Jones_(Georgia_congressman)
23352332,Deborah_Ann_Woll
89708,Blackface
243500,Sevilla_FC
3949844,Rory_McIlroy
753740,Dick_Vitale
34166877,Seth_Jones_(ice_hockey)
20491389,Joker_(graphic_novel)
2733,April_25
18654333,Thomas_Müller
42765,Chaz_Bono
55029,Larry_Bird
85629,Full_House
75261,Animal_House
72885,Houston_Rockets
11903589,Indiana_Jones_(franchise)
2230773,Jason_Lewis_(actor)
29273565,The_Wolverine_(film)
505605,John_Wooden
16125,John_the_Baptist
41368389,Killing_Jesus
35061,60_Minutes
45237477,Going_Clear_(film)
39005349,International_Transgender_Day_of_Visibility
10095213,Veep_(TV_series)
213765,Führer
31780557,Fast__Furious_6
216429,List_of_Justices_of_the_Supreme_Court_of_the_United_States
34869,1752
3165,ACF_Fiorentina
4173,Babe_Ruth
1794213,Jay_Williams_(basketball)
41255877,Christopher_Evan_Welch
31509,Hulk_(comics)
242925,Skywalker_family
306981,Lee_Trevino
61797,Yul_Brynner
11973,Generation_X
2692197,Passover_Seder_Plate
9511125,Pablo_Prigioni
1657077,Schapelle_Corby
73125,Washington_Capitals
31575693,Kumail_Nanjiani
39000861,Aaron_Harrison
156093,Pau_Gasol
1666773,Martin_Keown
7989,Dianetics
157437,Iggy_Pop
11402229,Aaron_Taylor-Johnson
10360005,Chaste_(Marvel_Comics)
9473493,Javaris_Crittenton
70197,Demographics_of_the_United_States
406245,Antonov_An-225_Mriya
165813,Manchester_City_F.C.
72861,Atlanta_Hawks
3129381,Lupe_Ontiveros
7960557,Angelo_DeCarlo
647085,Kelly_Brook
27181509,2013_NHL_Entry_Draft
2711397,Stick_(comics)
903165,Richard_Jefferson
180093,Bonanza
1821645,Dean_Court
4987149,Chris_Paul
14255493,Barbara_Jane_Harrison
42906573,2014–15_DFB-Pokal
17006349,Olivier_Sarkozy
12001341,Armenian_Genocide_recognition
31284357,Draymond_Green
759285,Nick_Faldo
32901,Woody_Allen
23371965,Lapland_War
43102389,Gertrude_Weaver
481605,Batman_Begins
28413,Septimius_Severus
1880325,James_Wan
4629573,Corey_Brewer
18153813,Courtney_Lee
235869,The_Daily_Show
21713373,Seth_Curry
173445,Cedric_Hardwicke
181173,Airbus_A380
42308805,2016_NCAA_Men\'s_Division_I_Basketball_Tournament
11181,Frank_Sinatra
33869061,Summer_Rae
42011133,2014_Boston_Marathon
33382893,Scott_Darling_(ice_hockey)
152157,George_Miller_(director)
22458837,1975–76_Indiana_Hoosiers_men\'s_basketball_team
520846,Abe_Vigoda
35350414,Al_Iaquinta
16846,Kentucky
42646918,Vikings_(season_3)
423598,Golden_Week_(Japan)
612910,Vanness_Wu
41463358,Frank_Kaminsky
69406,Mutiny_on_the_Bounty
858982,NHL_Entry_Draft
23672974,2011–12_UEFA_Champions_League
27358,Somalia
7129606,Kym_Johnson
4827238,Deportation_of_Armenian_intellectuals_on_24_April_1915
10886686,Anzac_Day_clash
2734,April_24
24663262,Corey_Stoll
631870,NBA_Most_Valuable_Player_Award
31247686,Machine_Gun_Kelly_(rapper)
597694,Pohela_Boishakh
45032302,Nuestra_Belleza_Latina_2015
3601582,Biblical_Mount_Sinai
3461614,Ronald_DeWolf
445726,Eric_Lindros
72862,New_Orleans_Pelicans
81694,Arnold_Palmer
2500414,Natasha_Leggero
171166,Nepal
5576110,Night_Nurse_(comics)
6254878,Superbad_(film)
32386942,2014_UEFA_Champions_League_Final
5877670,2008_NBA_draft
4381318,2001_NCAA_Men\'s_Division_I_Basketball_Tournament
44490262,Chinese_home_run
28357630,Anthony_Davis_(basketball)
5631982,Portrait_of_Adele_Bloch-Bauer_I
50206,Fulgencio_Batista
31661086,Bradley_Beal
37966,Himalayas
38919454,Jon_Cooper_(ice_hockey)
7921342,Nathalie_Emmanuel
414574,Elijah_Cummings
3571894,Siege_of_Paris_(885–86)
28138750,2011_Masters_Tournament
331822,Mahavir_Jayanti
358,Algeria
627982,Sex_reassignment_surgery_(male-to-female)
10567534,Blake_Griffin
73126,Chicago_Blackhawks
1069078,So_Little_Time
1690486,Ellen_Pompeo
2855038,Joey_Barton
430438,Ronald_Goldman
2355790,Hanley_Ramírez
41039518,Daughter_of_Emperor_Xiaoming_of_Northern_Wei
72886,Memphis_Grizzlies
30118,Tanzania
13526878,Brian_Boyle
39476758,2015_NHL_Entry_Draft
71470,Two-up
25955086,Jews
273646,Empress_Michiko
1821694,List_of_highest_mountains
2326,April_27
98350,Soyuz_1
10570702,Bataan_Day
3026950,Mark_Jackson_(basketball)
72622,1976_Summer_Olympics
1855342,Historical_rankings_of_Presidents_of_the_United_States
38281942,Mad_Men_(season_6)
644398,Psylocke
5902,Capital_punishment
38298022,Lindsay_Sandiford_case
1212502,Sutton_Foster
2619910,Batman_v_Superman:_Dawn_of_Justice
22144990,Iron_Man_3
3419326,Justin_Lin
1591607,Traudl_Junge
16559,Jean_Grey
42026999,The_Last_Ship_(TV_series)
1778999,Bali_Nine
29302415,Pana_Sankranti
1465655,Brad_Guzan
2279,April_3
2323727,Ellen_Page
1911479,Gladiator_(Melvin_Potter)
5113199,Battle_of_Bautzen_(1945)
26909135,Klay_Thompson
265799,Scientology_beliefs_and_practices
26948231,Hannibal_Buress
14975,Ivy_League
5612735,Gabriel_Mann
394055,Kitty_Pryde
153671,Robert_Winchelsey
7251359,Haya_Harareet
14920919,Whitechapel_murders
24775967,List_of_Dancing_with_the_Stars_(U.S.)_competitors
4871,Bob_Knight
361103,Honey_badger
23866703,Thomas_Tuchel
407591,Hulk_(film)
1175,April_1
16415,Juventus_F.C.
3541991,Tan_Duc_Thanh_Nguyen
2139911,Floyd_Mayweather_Sr.
5733263,David_Blatt
31535,Timothy_McVeigh
59687,Hillsborough_disaster
174527,J._Paul_Getty
43223,Alex_Ferguson
2424743,Sergio_Ramos
1038359,Joseph_Simmons
13487,Hermann_Göring
38855447,Black_Mass_(film)
232175,UEFA_Europa_League
43140311,Asian_Infrastructure_Investment_Bank
3064199,Luka_Modrić
1740431,Tamil_calendar
13308839,Jonas_Hiller
277463,Joe_Pesci
73631,M._Night_Shyamalan
1318967,Gordon_Getty
193703,Alaska_Purchase
35678135,BeIN_Sports
993791,Downfall_(2004_film)
68375,Tony_Curtis
19611431,Matt_Ritchie
4114079,Daredevil
16844183,Bridgit_Mendler
1129847,Daredevil_(film)
1558271,Operation_Frequent_Wind
2071367,Mark_Teixeira
21476519,Ramesses_II
525407,Landing_at_Anzac_Cove
21383,Nigeria
624911,Amalie_Arena
302783,Alexander_Siddig
2212439,List_of_Eurovision_Song_Contest_winners
29822159,Michael_Ferland
241655,Curt_Schilling
393887,Havok_(comics)
31133615,Coverage_of_Google_Street_View
35080415,WrestleMania_32
29410367,Joko_Widodo
44430479,Dragon_Ball_Z:_Resurrection_\'F\'
2735,April_7
559847,Con_Air
42654791,Grey\'s_Anatomy_(season_11)
19672919,Ewan_McGregor
833615,Bullseye_(comics)
2731583,Adolf_Hitler
84239,Peeps
30519527,St._Louis_Blues
33021095,Sheriff_Rosco_P._Coltrane
2947751,List_of_European_Cup_and_UEFA_Champions_League_finals
3455,Barbados
