2,List_of_Seattle_Seahawks_players
20,Eric_Decker
29,Nevada
37,USC_Trojans_football
45,Cleveland_Browns
57,Line_of_scrimmage
59,Doug_Williams_(American_football)
94,Andrew_Luck
128,Hines_Ward
130,2014–15_NFL_playoffs
136,Percy_Harvin
163,Mercedes-Benz_Superdome
187,Super_Bowl_XXXV
198,New_Orleans_Saints
206,Bryant_Gumbel
267,Super_Bowl_XLIX_halftime_show
269,Golden_Tate
270,Victor_Kiam
297,Super_Bowl_X
301,Brandon_Bolden
320,Tom_Brady
322,Super_Bowl_XI
333,New_York_Jets
338,Super_Bowl_Sunday
340,San_Francisco_49ers
365,Tight_end
374,J._R._Sweezy
398,Vince_Lombardi
426,List_of_stadiums_by_capacity
439,Aaron_Hernandez
471,Patrick_Chung
473,Down_(American_and_Canadian_football)
486,Indianapolis_Colts
510,Tony_McDaniel
530,Washington_Redskins
548,Dont\'a_Hightower
553,Levi\'s_Stadium
566,Logan_Ryan
576,Troy_Aikman
616,List_of_Super_Bowl_champions
617,Jamie_Collins_(American_football)
630,Brandon_LaFell
638,List_of_NFL_champions_(1920–69)
653,San_Diego_Chargers
671,Luke_Kuechly
696,Charles_Haley
701,Woodland_Hills_High_School
705,Jim_Plunkett
722,Arizona_Stadium
744,Super_Bowl_XXXIX
753,Archie_Manning
761,J._J._Watt
784,Touchdown_celebration
793,Michele_Tafoya
796,Uniform_number_(American_football)
805,History_of_the_National_Football_League
813,Josh_McDaniels
815,Chuck_Howley
839,Super_Bowl_XII
843,2006_Rose_Bowl
855,Pete_Rose
869,Michael_Strahan
894,NRG_Stadium
895,List_of_Denver_Broncos_starting_quarterbacks
904,Ickey_Woods
909,Chris_Matthews_(gridiron_football)
913,Darrelle_Revis
921,Jesse_Williams_(American_football)
944,Super_Bowl_XXXVIII
947,Vince_Lombardi_Trophy
950,Plaxico_Burress
983,Ann_Mara
997,Super_Bowl_XIII
1000,Kraft_Foods
1020,I\'m_going_to_Disney_World!
1032,The_Catch_(American_football)
1066,Michael_Vick
1068,Rob_Ninkovich
1107,Rob_Gronkowski
1115,List_of_current_National_Football_League_head_coaches
1118,Alan_Branch
1136,Bobby_Wagner
1141,Aaron_Rodgers
1156,Marshawn_Lynch
1160,2013_Seattle_Seahawks_season
1161,List_of_Super_Bowl_halftime_shows
1190,Earl_Thomas_(defensive_back)
1193,Rodney_Harrison
1198,Legion_of_Boom_(Seattle_Seahawks)
1206,Malcolm_Butler_(American_football)
1212,Super_Bowl_LI
1218,K._J._Wright
1219,College_football
1221,2004_NFL_season
1227,Calvin_Johnson
1247,Jon_Ryan
1275,Nate_Solder
1277,Helmet_Catch
1281,List_of_Super_Bowl_lead-out_programs
1285,Jimmy_Johnson_(American_football_coach)
1307,Ha_Ha_Clinton-Dix
1332,2010_NFL_draft
1346,Perfect_season
1362,Jacksonville_Jaguars
1390,List_of_New_England_Patriots_seasons
1394,Richard_Sherman_(American_football)
1418,CenturyLink_Field
1426,Sealver_Siliga
1427,Ben_Vereen
1444,1985_Chicago_Bears_season
1469,Super_Bowl_XIV
1480,NFL_Top_100
1484,2000_NFL_draft
1499,Super_Bowl_XLII
1512,Super_Bowl_XLIV
1537,Super_Bowl_advertising
1549,The_Devil_Wears_Prada_(film)
1577,Matt_Hasselbeck
1579,Super_Bowl_LII
1593,Penalty_(gridiron_football)
1624,Quarterback
1631,David_Tyree
1632,Eric_Johnson_(tight_end)
1661,Deflategate
1665,Super_Bowl_XLIII
1678,American_Football_League
1695,Super_Bowl_XV
1727,Michigan_Stadium
1784,Michael_Hoomanawanui
1841,National_Football_League_Most_Valuable_Player_Award
1851,National_Football_League_draft
1871,Doug_Baldwin_(American_football)
1884,Troy_Polamalu
1885,Super_Bowl_XVI
1896,St._Louis_Rams
1927,Michael_Bennett_(defensive_lineman)
1929,Clay_Travis
1932,Brandon_Browner
1946,Gisele_Bündchen
1960,Washington_(state)
1966,Madden_NFL
2002,Ray_Lewis
2107,John_Madden
2109,BMW_i3
2114,Super_Bowl_XVII
2167,Cooper_Manning
2169,2007_NFL_season
2225,Super_Bowl_III
2233,Chronic_traumatic_encephalopathy
2240,California_Golden_Bears_football
2241,Max_Unger
2247,Brett_Favre
2258,Pat_Tillman
2266,Joe_Flacco
2267,University_of_Southern_California_athletics_scandal
2281,Bruce_Irvin_(American_football)
2284,Touchdown
2297,Danny_Woodhead
2307,Jerry_Rice
2315,Foxboro_Stadium
2325,Cris_Collinsworth
2343,Doug_Flutie
2363,LeGarrette_Blount
2369,Cliff_Avril
2390,List_of_American_football_stadiums_by_capacity
2411,The_Star-Spangled_Banner
2414,William_Perry_(American_football)
2417,Wisconsin_Badgers_football
2427,National_Football_Conference
2441,Half-time
2452,Tim_Tebow
2471,List_of_current_National_Football_League_stadiums
2518,Tom_Coughlin
2534,Byron_Maxwell
2541,Two-point_conversion
2598,Bill_Nye
2613,Tarvaris_Jackson
2631,NFC_Championship_Game
2640,One_Madison
2662,12th_man_(football)
2664,Super_Bowl_XX
2672,Super_Bowl_XVIII
2692,B._J._Daniels_(American_football)
2696,John_Mara
2700,Super_Bowl_XLI
2701,Shane_Vereen
2704,Detroit_Lions
2707,Dallas_Cowboys
2710,Onside_kick
2739,List_of_New_England_Patriots_starting_quarterbacks
2750,Dan_Patrick
2788,ATT_Stadium
2799,Super_Bowl_XIX
2832,Official_(American_football)
2856,Ray_Rice
2882,Pass_interference
2921,Kansas_City_Chiefs
2939,Bryan_Stork
2942,Adam_Vinatieri
2945,John_Elway
2954,2011_NFL_season
2965,Emmitt_Smith
2980,Super_Bowl_curse
2984,Anthony_Kiedis
2993,2015_NFL_draft
2996,List_of_Super_Bowl_commercials
3034,Puppy_Bowl
3066,American_football
3068,Denver_Broncos
3081,Pittsburgh_Steelers
3140,Jim_Kelly
3143,Danny_Amendola
3148,Carolina_Panthers
3189,Bo_Jackson
3223,Malcolm_Smith_(American_football)
3230,Melissa_Stark
3255,1972_Miami_Dolphins_season
3292,Super_Bowl_XXI
3299,Michigan_Wolverines_football
3312,Jay_Cutler_(American_football)
3321,Jimmy_Garoppolo
3364,Tony_Romo
3370,Super_Bowl_XXXVIII_halftime_show_controversy
3382,Andre_Rison
3424,Steve_Largent
3428,Philadelphia_Eagles
3430,Tony_Moeaki
3458,Super_Bowl_XXII
3462,Halftime_show
3495,Grill_(jewelry)
3519,Al_Michaels
3528,Terrell_Owens
3538,History_of_American_football
3563,Osi_Umenyiora
3570,American_football_positions
3587,Tedy_Bruschi
3594,2011_New_York_Giants_season
3602,Chicago_Bears
3656,NBC
3657,Reggie_White
3670,List_of_Super_Bowl_head_coaches
3728,Katie_Couric
3734,Intentional_grounding
3736,Super_Bowl_XXIII
3746,Pacific_Tigers_football
3754,Randy_Moss
3760,2007_New_England_Patriots_season
3764,NBC_Sunday_Night_Football
3767,2013_NFL_season
3781,University_of_West_Alabama
3782,Drew_Bledsoe
3808,2014_NFL_season
3810,History_of_the_National_Football_League_championship
3819,List_of_national_anthem_performers_at_the_Super_Bowl
3825,Jermaine_Kearse
3841,Drew_Brees
3845,2007_New_England_Patriots_videotaping_controversy
3854,Super_Bowl_ring
3890,Cincinnati_Bengals
3926,Gridiron_football
3943,Super_Bowl_XXIV
3960,Bill_Parcells
3962,Deion_Sanders
3980,List_of_NFL_franchise_owners
3981,Julian_Edelman
3983,The_More_You_Know
3985,2001_New_England_Patriots_season
3997,Super_Bowl_XLV
4003,New_York_Giants
4012,Bill_Vinovich
4040,Greater_Boston
4041,Super_Bowl_Most_Valuable_Player_Award
4051,Pro_Bowl
4058,Quarterback_sack
4061,Super_Bowl_XXXVII
4102,Brennan_Carroll
4127,University_of_Phoenix
4135,Ben_Roethlisberger
4144,Frank_Gifford
4165,Winnipeg_Blue_Bombers
4179,Kevin_Williams_(defensive_tackle)
4217,List_of_New_England_Patriots_head_coaches
4219,Eligible_receiver
4221,Interception
4231,2014_NFL_draft
4241,2003_New_England_Patriots_season
4243,Super_Bowl_XLVI_halftime_show
4271,Will_Tukuafu
4306,John_Schneider_(American_football_executive)
4311,Ryan_Allen_(American_football)
4333,Super_Bowl_XXV
4346,List_of_Jews_in_sports
4368,Miami_Dolphins
4397,Super_Bowl_XLVIII_halftime_show
4406,Arthur_Jones_(American_football)
4427,Larry_Csonka
4430,Ignatius_Gronkowski
4451,List_of_Seattle_Seahawks_head_coaches
4464,Arizona_Cardinals
4495,Roger_Staubach
4514,Kurt_Warner
4566,Super_Bowl_XXVI
4591,List_of_Seattle_Seahawks_starting_quarterbacks
4599,Deion_Branch
4602,Chelsea_Handler
4611,2013_Denver_Broncos_season
4628,Dan_Quinn_(American_football)
4629,Jesse_Palmer
4633,2013–14_NFL_playoffs
4650,List_of_Heisman_Trophy_winners
4651,National_Football_League_team_captains
4658,Rex_Ryan
4667,Adriana_Lima
4668,Atlanta_Falcons
4672,Chris_Gronkowski
4690,Arizona_Wildcats_football
4698,Bart_Starr
4725,MetLife_Stadium
4728,Justin_Britt
4742,West_Alabama_Tigers_football
4758,American_Football_Conference
4763,Don_Shula
4773,Field_goal
4801,Chad_Johnson
4807,Howie_Long
4812,2011_New_England_Patriots_season
4823,Super_Bowl_XLVIII
4833,Green_Bay_Packers
4858,History_of_the_New_England_Patriots
4868,History_of_the_Seattle_Seahawks
4869,List_of_Super_Bowl_broadcasters
4879,Super_Bowl_I
4902,Nate_Ebner
4917,Houston_Texans
4923,Super_Bowl_XXVII
4963,Tharold_Simon
4970,Oakland_Raiders
4974,List_of_quarterbacks_with_multiple_Super_Bowl_starts
4983,Free_agent
4996,Roger_Goodell
5039,Jim_Harbaugh
5049,Vince_Wilfork
5052,Kam_Chancellor
5063,Nelly
5096,Ricardo_Lockette
5101,Steve_Ballmer
5102,Joe_Namath
5111,Eli_Manning
5140,Philadelphia
5182,Phi_Beta_Sigma
5186,Immaculate_Reception
5190,University_of_Phoenix_Stadium
5215,2015_Pro_Bowl
5246,Jamal_Lewis
5250,Terry_Bradshaw
5258,Super_Bowl_XXVIII
5261,2012_Baltimore_Ravens_season
5275,Super_Bowl_II
5291,Tim_Hightower
5293,Peyton_Manning
5301,List_of_most_watched_television_broadcasts
5306,Comparison_of_American_and_Canadian_football
5307,Tony_Dungy
5348,Ricki_Noel_Lander
5361,Pete_Carroll
5362,Gronkowski
5411,Cholangiocarcinoma
5445,List_of_Super_Bowl_records
5447,John_Harbaugh
5466,AFC_Championship_Game
5519,Super_Bowl_XLIX
5520,Luke_Wilson
5529,Jonathan_Kraft
5530,Super_Bowl_IV
5533,Conversion_(gridiron_football)
5546,James_Develin
5567,2005_Seattle_Seahawks_season
5623,Michael_Irvin
5673,Jerry_Jones
5682,Super_Bowl_XXIX
5728,Kent_State_University
5737,Grey_Cup
5752,Steven_Hauschka
5757,Myra_Kraft
5760,List_of_NFL_starting_quarterbacks
5770,Jonathan_Casillas
5771,Derrick_Coleman_(American_football)
5797,National_Football_League
5805,Garrett_Gilbert
5808,Devin_McCourty
5836,Buffalo_Bills
5857,Jerod_Mayo
5864,List_of_NFL_franchise_post-season_droughts
5867,Super_Bowl_V
5902,Wellington_Mara
5923,Touchback
5926,Bill_Belichick
5938,Super_Bowl_XLVI
5946,Paul_Allen
5969,Cam_Newton
5983,Stephen_Gostkowski
5986,Super_Bowl_XXX
6020,2004_New_England_Patriots_season
6047,Linebacker
6105,Dan_Connolly_(American_football)
6115,Sebastian_Vollmer
6120,Super_Bowl_XXXVI
6130,Dan_Marino
6142,Johnny_Unitas
6144,The_Kraft_Group
6191,List_of_National_Football_League_records_(individual)
6193,Jeremy_Lane_(American_football)
6198,Wide_receiver
6258,Ickey_Shuffle
6260,Super_Bowl_VI
6273,Super_Bowl_XL
6274,Martellus_Bennett
6275,Trent_Dilfer
6288,Robert_Kraft
6292,Super_Bowl_XXXI
6312,Seattle
6368,The_Wedding_Ringer
6372,Edelman
6391,Super_Bowl_50
6396,Super_Bowl_VII
6407,Luke_Willson
6425,Jevon_Kearse
6459,Baltimore_Ravens
6460,Clay_Matthews_III
6467,Stanford_Cardinal_football
6511,Cornerback
6542,Clash_of_Clans
6559,Steve_Young
6588,Tampa_Bay_Buccaneers
6596,Bam_Bam_Bigelow
6618,Red_Hot_Chili_Peppers
6625,Matt_Patricia
6641,List_of_Super_Bowl_officials
6660,Super_Bowl_XXXII
6662,Joe_Montana
6664,Colin_Kaepernick
6702,Bob_Costas
6723,Jessica_Simpson
6725,Safety_(gridiron_football_score)
6734,List_of_New_England_Patriots_players
6744,Dan_Gronkowski
6757,TV_Everywhere
6786,Gillette_Stadium
6790,2012_NFL_draft
6803,Jane_Skinner
6809,2014_Seattle_Seahawks_season
6820,New_Minnesota_Stadium
6829,Wes_Welker
6867,Darrell_Bevell
6881,Super_Bowl_XXXIII
6884,Super_Bowl
6891,Microsoft_Surface_Pro_3
6905,Super_Bowl_VIII
6947,Steve_Belichick
6950,Minnesota_Vikings
6961,Malcolm_Butler
6965,2015_NFL_season
6987,Super_Bowl_XLVII_halftime_show
6997,Seattle_Seahawks
7008,Tennessee_Titans
7014,Super_Bowl_IX
7016,New_England_Patriots
7017,2014_New_England_Patriots_season
7053,Super_Bowl_XLVII
7079,Shaun_Alexander
7094,Running_back
7118,Bubba_Smith
7126,AFL–NFL_merger
7146,Russell_Wilson
7151,Kyle_Arrington
7154,Super_Bowl_XXXIV
7168,New_England_Revolution
7211,Robert_Turbin
7217,Sun_Devil_Stadium
7229,Football_(ball)
7230,American_football_rules
7241,2001_NFL_season
7256,Chandler_Jones
7257,Walter_Payton
7266,Tony_Dorsett
